,Id,MSSubClass,MSZoning,LotFrontage,LotArea,Street,Alley,LotShape,LandContour,Utilities,LotConfig,LandSlope,Neighborhood,Condition1,Condition2,BldgType,HouseStyle,OverallQual,OverallCond,YearBuilt,YearRemodAdd,RoofStyle,RoofMatl,Exterior1st,Exterior2nd,MasVnrType,MasVnrArea,ExterQual,ExterCond,Foundation,BsmtQual,BsmtCond,BsmtExposure,BsmtFinType1,BsmtFinSF1,BsmtFinType2,BsmtFinSF2,BsmtUnfSF,TotalBsmtSF,Heating,HeatingQC,CentralAir,Electrical,1stFlrSF,2ndFlrSF,LowQualFinSF,GrLivArea,BsmtFullBath,BsmtHalfBath,FullBath,HalfBath,BedroomAbvGr,KitchenAbvGr,KitchenQual,TotRmsAbvGrd,Functional,Fireplaces,FireplaceQu,GarageType,GarageYrBlt,GarageFinish,GarageCars,GarageArea,GarageQual,GarageCond,PavedDrive,WoodDeckSF,OpenPorchSF,EnclosedPorch,3SsnPorch,ScreenPorch,PoolArea,PoolQC,Fence,MiscFeature,MiscVal,MoSold,YrSold,SaleType,SaleCondition,SalePrice
100,101,20,RL,,10603,Pave,,IR1,Lvl,AllPub,Inside,Gtl,NWAmes,Norm,Norm,1Fam,1Story,6,7,1977,2001,Gable,CompShg,Plywood,Plywood,BrkFace,28.0,TA,TA,PConc,TA,TA,Mn,ALQ,1200,Unf,0,410,1610,GasA,Gd,Y,SBrkr,1610,0,0,1610,1,0,2,0,3,1,Gd,6,Typ,2,TA,Attchd,1977.0,RFn,2,480,TA,TA,Y,168,68,0,0,0,0,,,,0,2,2010,WD,Normal,205000
101,102,60,RL,77.0,9206,Pave,,Reg,Lvl,AllPub,Inside,Gtl,SawyerW,Norm,Norm,1Fam,2Story,6,5,1985,1985,Gable,CompShg,HdBoard,HdBoard,BrkFace,336.0,Gd,TA,CBlock,Gd,TA,No,Unf,0,Unf,0,741,741,GasA,TA,Y,SBrkr,977,755,0,1732,0,0,2,1,3,1,Gd,7,Typ,1,TA,Attchd,1985.0,Fin,2,476,TA,TA,Y,192,46,0,0,0,0,,,,0,6,2010,WD,Normal,178000
102,103,90,RL,64.0,7018,Pave,,Reg,Bnk,AllPub,Inside,Gtl,SawyerW,Norm,Norm,Duplex,1Story,5,5,1979,1979,Gable,CompShg,HdBoard,HdBoard,None,0.0,TA,Fa,Slab,,,,,0,,0,0,0,GasA,TA,Y,SBrkr,1535,0,0,1535,0,0,2,0,4,2,TA,8,Typ,0,,Attchd,1979.0,Unf,2,410,TA,TA,Y,0,0,0,0,0,0,,,,0,6,2009,WD,Alloca,118964
103,104,20,RL,94.0,10402,Pave,,IR1,Lvl,AllPub,Corner,Gtl,CollgCr,Norm,Norm,1Fam,1Story,7,5,2009,2009,Gable,CompShg,VinylSd,VinylSd,None,0.0,TA,TA,PConc,Gd,TA,No,Unf,0,Unf,0,1226,1226,GasA,Ex,Y,SBrkr,1226,0,0,1226,0,0,2,0,3,1,Gd,6,Typ,0,,Attchd,2009.0,RFn,3,740,TA,TA,Y,0,36,0,0,0,0,,,,0,5,2010,WD,Normal,198900
104,105,50,RM,,7758,Pave,,Reg,Lvl,AllPub,Corner,Gtl,IDOTRR,Norm,Norm,1Fam,1.5Fin,7,4,1931,1950,Gable,CompShg,Stucco,Stucco,BrkFace,600.0,TA,Fa,PConc,TA,TA,No,LwQ,224,Unf,0,816,1040,GasA,Ex,Y,FuseF,1226,592,0,1818,0,0,1,1,4,1,TA,7,Typ,2,TA,Detchd,1951.0,Unf,1,240,TA,TA,Y,0,0,0,0,184,0,,,,0,6,2007,WD,Normal,169500
105,106,60,FV,75.0,9375,Pave,,Reg,Lvl,AllPub,Inside,Gtl,Somerst,Norm,Norm,1Fam,2Story,8,5,2003,2004,Hip,CompShg,VinylSd,VinylSd,BrkFace,768.0,Gd,TA,PConc,Ex,TA,No,Unf,0,Unf,0,1053,1053,GasA,Ex,Y,SBrkr,1053,939,0,1992,0,0,2,1,3,1,Gd,9,Typ,1,Gd,Attchd,2003.0,RFn,2,648,TA,TA,Y,140,45,0,0,0,0,,,,0,8,2008,WD,Normal,250000
106,107,30,RM,60.0,10800,Pave,Grvl,Reg,Lvl,AllPub,Inside,Gtl,OldTown,Norm,Norm,1Fam,1Story,4,7,1885,1995,Mansard,CompShg,VinylSd,VinylSd,None,0.0,TA,TA,BrkTil,Fa,TA,No,Unf,0,Unf,0,641,641,GasA,Gd,Y,SBrkr,1047,0,0,1047,0,0,1,0,2,1,TA,6,Typ,0,,Detchd,1954.0,Unf,1,273,Fa,Fa,N,0,0,0,0,0,0,,,Shed,450,8,2007,WD,Normal,100000
107,108,20,RM,50.0,6000,Pave,,Reg,Lvl,AllPub,Inside,Gtl,OldTown,Norm,Norm,1Fam,1Story,5,5,1948,1950,Gable,CompShg,VinylSd,VinylSd,None,0.0,TA,TA,CBlock,TA,TA,No,ALQ,104,BLQ,169,516,789,GasA,Ex,Y,SBrkr,789,0,0,789,0,0,1,0,2,1,TA,5,Typ,0,,Detchd,1948.0,Unf,1,250,TA,TA,Y,0,0,0,0,0,0,,,,0,4,2008,WD,Partial,115000
108,109,50,RM,85.0,8500,Pave,,Reg,Lvl,AllPub,Corner,Gtl,IDOTRR,Artery,Norm,1Fam,1.5Fin,5,7,1919,2005,Gable,CompShg,CemntBd,CmentBd,None,0.0,TA,TA,CBlock,TA,TA,No,Unf,0,Unf,0,793,793,GasW,TA,N,FuseF,997,520,0,1517,0,0,2,0,3,1,Fa,7,Typ,0,,,,,0,0,,,N,0,0,144,0,0,0,,,,0,8,2007,WD,Normal,115000
109,110,20,RL,105.0,11751,Pave,,IR1,Lvl,AllPub,Inside,Gtl,NWAmes,Norm,Norm,1Fam,1Story,6,6,1977,1977,Hip,CompShg,Plywood,Plywood,BrkFace,480.0,TA,TA,CBlock,Gd,TA,No,BLQ,705,Unf,0,1139,1844,GasA,Ex,Y,SBrkr,1844,0,0,1844,0,0,2,0,3,1,TA,7,Typ,1,TA,Attchd,1977.0,RFn,2,546,TA,TA,Y,0,122,0,0,0,0,,MnPrv,,0,1,2010,COD,Normal,190000
110,111,50,RL,75.0,9525,Pave,,Reg,Lvl,AllPub,Inside,Gtl,Edwards,Norm,Norm,1Fam,1.5Fin,6,4,1954,1972,Gable,CompShg,Wd Sdng,Wd Sdng,None,0.0,TA,TA,CBlock,TA,Fa,No,Rec,444,Unf,0,550,994,GasA,Gd,Y,SBrkr,1216,639,0,1855,0,0,2,0,4,1,TA,7,Typ,0,,Attchd,1954.0,Unf,1,325,TA,TA,Y,182,0,0,0,0,0,,,,0,10,2006,WD,Normal,136900
111,112,80,RL,,7750,Pave,,IR1,Lvl,AllPub,Inside,Gtl,Gilbert,Norm,Norm,1Fam,SLvl,7,5,2000,2000,Gable,CompShg,VinylSd,VinylSd,None,0.0,TA,TA,PConc,Gd,TA,No,GLQ,250,Unf,0,134,384,GasA,Ex,Y,SBrkr,774,656,0,1430,0,0,2,1,3,1,TA,7,Typ,1,TA,BuiltIn,2000.0,Fin,2,400,TA,TA,Y,180,0,0,0,0,0,,,,0,4,2010,WD,Normal,180000
112,113,60,RL,77.0,9965,Pave,,Reg,Lvl,AllPub,Inside,Gtl,CollgCr,Norm,Norm,1Fam,2Story,7,5,2007,2007,Gable,CompShg,VinylSd,VinylSd,Stone,220.0,Gd,TA,PConc,Ex,TA,Av,GLQ,984,Unf,0,280,1264,GasA,Ex,Y,SBrkr,1282,1414,0,2696,1,0,2,1,4,1,Ex,10,Typ,1,Gd,BuiltIn,2007.0,Fin,3,792,TA,TA,Y,120,184,0,0,168,0,,,,0,10,2007,New,Partial,383970
113,114,20,RL,,21000,Pave,,Reg,Bnk,AllPub,Corner,Gtl,Crawfor,Norm,Norm,1Fam,1Story,6,5,1953,1953,Hip,CompShg,Wd Sdng,Wd Sdng,BrkFace,184.0,TA,Gd,CBlock,Gd,TA,Mn,ALQ,35,Rec,869,905,1809,GasA,TA,Y,SBrkr,2259,0,0,2259,1,0,2,0,3,1,Gd,7,Typ,2,Gd,Basment,1953.0,Unf,2,450,TA,TA,Y,166,120,192,0,0,0,,MnPrv,,0,10,2007,COD,Abnorml,217000
114,115,70,RL,61.0,7259,Pave,,IR1,Lvl,AllPub,Inside,Mod,Crawfor,Norm,Norm,1Fam,2Story,6,8,1945,2002,Gambrel,CompShg,Wd Sdng,Wd Sdng,None,0.0,TA,TA,CBlock,TA,TA,No,ALQ,774,LwQ,150,104,1028,GasA,Ex,Y,SBrkr,1436,884,0,2320,1,0,2,1,3,1,Gd,9,Typ,1,TA,Detchd,1945.0,Unf,1,180,TA,TA,Y,224,0,0,0,0,0,,MnPrv,,0,7,2007,WD,Normal,259500
115,116,160,FV,34.0,3230,Pave,Pave,Reg,Lvl,AllPub,Corner,Gtl,Somerst,Norm,Norm,TwnhsE,2Story,6,5,1999,1999,Gable,CompShg,MetalSd,MetalSd,BrkFace,1129.0,TA,TA,PConc,Gd,TA,No,GLQ,419,Unf,0,310,729,GasA,Gd,Y,SBrkr,729,729,0,1458,0,0,2,1,2,1,TA,5,Typ,1,Fa,Detchd,1999.0,Unf,2,440,TA,TA,Y,0,32,0,0,0,0,,,,0,6,2007,WD,Normal,176000
116,117,20,RL,,11616,Pave,,Reg,Lvl,AllPub,Inside,Gtl,Sawyer,Norm,Norm,1Fam,1Story,5,5,1962,1962,Gable,CompShg,Wd Sdng,Wd Sdng,BrkFace,116.0,TA,TA,CBlock,TA,TA,No,LwQ,170,BLQ,670,252,1092,GasA,TA,Y,SBrkr,1092,0,0,1092,0,1,1,0,3,1,TA,6,Typ,1,Po,Attchd,1962.0,Unf,1,288,TA,TA,Y,0,20,144,0,0,0,,,,0,9,2009,WD,Normal,139000
117,118,20,RL,74.0,8536,Pave,,Reg,Lvl,AllPub,Corner,Gtl,Edwards,Norm,Norm,1Fam,1Story,5,5,2006,2007,Gable,CompShg,VinylSd,VinylSd,None,0.0,TA,TA,PConc,Gd,TA,No,Unf,0,Unf,0,1125,1125,GasA,Gd,Y,SBrkr,1125,0,0,1125,0,0,1,1,2,1,TA,5,Typ,0,,Attchd,2007.0,Unf,2,430,TA,TA,Y,80,64,0,0,0,0,,,,0,4,2007,New,Partial,155000
118,119,60,RL,90.0,12376,Pave,,Reg,Lvl,AllPub,Corner,Gtl,SawyerW,Norm,Norm,1Fam,2Story,7,5,1990,1990,Hip,CompShg,Plywood,Plywood,None,0.0,TA,TA,PConc,Gd,TA,Mn,GLQ,1470,Unf,0,203,1673,GasA,Gd,Y,SBrkr,1699,1523,0,3222,1,0,3,0,5,1,Gd,11,Typ,2,TA,Attchd,1990.0,Unf,3,594,TA,TA,Y,367,0,0,0,0,0,,,,0,5,2010,WD,Normal,320000
119,120,60,RL,65.0,8461,Pave,,Reg,Lvl,AllPub,Inside,Gtl,CollgCr,Norm,Norm,1Fam,2Story,6,5,2005,2006,Gable,CompShg,VinylSd,VinylSd,None,0.0,Gd,TA,PConc,Gd,TA,No,Unf,0,Unf,0,728,728,GasA,Ex,Y,SBrkr,728,728,0,1456,0,0,2,1,3,1,Gd,8,Typ,1,Gd,Attchd,2005.0,Fin,2,390,TA,TA,Y,0,24,0,0,0,0,,,,0,7,2006,New,Partial,163990
120,121,80,RL,,21453,Pave,,IR1,Low,AllPub,CulDSac,Sev,ClearCr,Norm,Norm,1Fam,SLvl,6,5,1969,1969,Flat,Metal,Plywood,Plywood,None,0.0,TA,TA,CBlock,TA,TA,Gd,ALQ,938,Unf,0,0,938,GasA,Ex,Y,SBrkr,988,0,0,988,1,0,1,0,1,1,TA,4,Typ,2,TA,Attchd,1969.0,Unf,2,540,TA,TA,Y,0,130,0,130,0,0,,,,0,10,2006,WD,Normal,180000
121,122,50,RM,50.0,6060,Pave,,Reg,Lvl,AllPub,Inside,Gtl,IDOTRR,Norm,Norm,1Fam,1.5Fin,4,5,1939,1950,Gable,CompShg,AsbShng,AsbShng,None,0.0,TA,TA,PConc,TA,TA,No,Unf,0,Unf,0,732,732,GasA,Gd,Y,SBrkr,772,351,0,1123,0,0,1,0,3,1,TA,4,Typ,0,,Detchd,1979.0,Unf,1,264,TA,TA,P,0,0,140,0,0,0,,MnPrv,,0,6,2007,WD,Normal,100000
122,123,20,RL,75.0,9464,Pave,,Reg,Lvl,AllPub,Corner,Gtl,NAmes,Norm,Norm,1Fam,1Story,6,7,1958,1958,Hip,CompShg,MetalSd,MetalSd,BrkFace,135.0,TA,Gd,CBlock,TA,TA,No,BLQ,570,Unf,0,510,1080,GasA,Gd,Y,SBrkr,1080,0,0,1080,0,0,1,0,3,1,TA,5,Typ,0,,Attchd,1958.0,Unf,1,288,TA,TA,Y,0,0,0,0,130,0,,,,0,6,2008,WD,Normal,136000
123,124,120,RL,55.0,7892,Pave,,Reg,Lvl,AllPub,Inside,Gtl,SawyerW,Norm,Norm,TwnhsE,1Story,6,5,1993,1993,Gable,CompShg,Plywood,Plywood,None,0.0,Gd,TA,PConc,Gd,TA,No,GLQ,300,Unf,0,899,1199,GasA,Ex,Y,SBrkr,1199,0,0,1199,0,0,2,0,2,1,Gd,5,Typ,0,,Attchd,1993.0,RFn,2,530,TA,TA,Y,0,63,0,0,0,0,,,,0,3,2008,WD,Normal,153900
124,125,20,RL,48.0,17043,Pave,,IR1,Lvl,AllPub,CulDSac,Gtl,NWAmes,Norm,Norm,1Fam,1Story,6,5,1979,1998,Gable,CompShg,HdBoard,HdBoard,None,0.0,TA,Gd,CBlock,Gd,Fa,No,Unf,0,Unf,0,1362,1362,GasA,TA,Y,SBrkr,1586,0,0,1586,0,0,2,0,3,1,TA,7,Typ,1,TA,Attchd,1979.0,Unf,2,435,TA,TA,Y,192,0,0,0,0,0,,,,0,1,2009,WD,Normal,181000
125,126,190,RM,60.0,6780,Pave,,Reg,Lvl,AllPub,Inside,Gtl,IDOTRR,Norm,Norm,2fmCon,1.5Fin,6,8,1935,1982,Gable,CompShg,Wd Sdng,Wd Sdng,None,0.0,TA,Fa,CBlock,TA,TA,Av,GLQ,490,Unf,0,30,520,GasA,Gd,N,SBrkr,520,0,234,754,1,0,1,0,2,1,TA,5,Typ,0,,,,,0,0,,,N,53,0,0,0,0,0,,,,0,6,2006,WD,Normal,84500
126,127,120,RL,,4928,Pave,,IR1,Lvl,AllPub,Inside,Gtl,NPkVill,Norm,Norm,TwnhsE,1Story,6,5,1976,1976,Gable,CompShg,Plywood,Plywood,None,0.0,TA,TA,CBlock,Gd,TA,No,ALQ,120,Unf,0,958,1078,GasA,TA,Y,SBrkr,958,0,0,958,0,0,2,0,2,1,TA,5,Typ,1,TA,Attchd,1977.0,RFn,2,440,TA,TA,Y,0,205,0,0,0,0,,,,0,2,2007,WD,Normal,128000
127,128,45,RM,55.0,4388,Pave,,IR1,Bnk,AllPub,Inside,Gtl,OldTown,Feedr,Norm,1Fam,1.5Unf,5,7,1930,1950,Gable,CompShg,WdShing,Wd Sdng,None,0.0,TA,Gd,BrkTil,TA,TA,No,LwQ,116,Unf,0,556,672,GasA,Ex,Y,SBrkr,840,0,0,840,0,0,1,0,3,1,TA,5,Typ,1,TA,,,,0,0,,,N,0,0,0,0,0,0,,,,0,6,2007,WD,Normal,87000
128,129,60,RL,69.0,7590,Pave,,Reg,Lvl,AllPub,Inside,Gtl,NAmes,PosN,Norm,1Fam,2Story,6,5,1966,1966,Gable,CompShg,VinylSd,VinylSd,BrkFace,266.0,TA,TA,CBlock,TA,TA,No,BLQ,512,Unf,0,148,660,GasA,TA,Y,SBrkr,660,688,0,1348,0,0,1,1,3,1,TA,6,Typ,1,Fa,Attchd,1966.0,RFn,2,453,TA,TA,Y,188,108,0,0,0,0,,,,0,7,2006,WD,Normal,155000
129,130,20,RL,69.0,8973,Pave,,Reg,Lvl,AllPub,Inside,Gtl,NAmes,Norm,Norm,1Fam,1Story,5,7,1958,1991,Gable,CompShg,Plywood,Plywood,BrkFace,85.0,TA,TA,CBlock,TA,TA,No,Rec,567,BLQ,28,413,1008,GasA,TA,Y,FuseA,1053,0,0,1053,0,1,1,1,3,1,Ex,6,Typ,0,,2Types,1998.0,RFn,2,750,TA,TA,Y,0,80,0,180,0,0,,MnWw,,0,7,2006,WD,Abnorml,150000
130,131,60,RL,88.0,14200,Pave,,Reg,Lvl,AllPub,Corner,Gtl,NAmes,Norm,Norm,1Fam,2Story,7,6,1966,1966,Gable,CompShg,MetalSd,MetalSd,BrkFace,309.0,TA,TA,CBlock,TA,TA,No,Rec,445,Unf,0,479,924,GasA,Ex,Y,SBrkr,1216,941,0,2157,0,0,2,1,4,1,Gd,8,Typ,2,Gd,Attchd,1966.0,Fin,2,487,TA,TA,Y,105,66,0,0,0,0,,GdPrv,,0,5,2006,WD,Normal,226000
131,132,60,RL,,12224,Pave,,IR1,Lvl,AllPub,Corner,Gtl,Gilbert,Norm,Norm,1Fam,2Story,6,5,2000,2000,Gable,CompShg,VinylSd,VinylSd,BrkFace,40.0,Gd,TA,PConc,Gd,TA,No,GLQ,695,Unf,0,297,992,GasA,Ex,Y,SBrkr,1022,1032,0,2054,1,0,2,1,3,1,Gd,7,Typ,1,TA,BuiltIn,2000.0,RFn,2,390,TA,TA,Y,24,48,0,0,0,0,,,,0,7,2009,WD,Normal,244000
132,133,20,RL,75.0,7388,Pave,,Reg,Lvl,AllPub,Corner,Gtl,NAmes,Norm,Norm,1Fam,1Story,5,6,1959,2002,Gable,CompShg,MetalSd,MetalSd,None,0.0,TA,TA,CBlock,TA,TA,No,Rec,405,Unf,0,658,1063,GasA,Gd,Y,SBrkr,1327,0,0,1327,1,0,1,0,3,1,Gd,7,Typ,0,,Detchd,1974.0,Unf,2,624,TA,TA,Y,0,0,0,0,0,0,,,,0,7,2007,WD,Normal,150750
133,134,20,RL,,6853,Pave,,IR1,Lvl,AllPub,Inside,Gtl,Timber,Norm,Norm,1Fam,1Story,8,5,2001,2002,Gable,CompShg,VinylSd,VinylSd,BrkFace,136.0,Gd,TA,PConc,Ex,TA,No,GLQ,1005,Unf,0,262,1267,GasA,Ex,Y,SBrkr,1296,0,0,1296,1,0,2,0,2,1,Gd,6,Typ,0,,Attchd,2001.0,Fin,2,471,TA,TA,Y,192,25,0,0,0,0,,,,0,6,2009,WD,Normal,220000
134,135,20,RL,78.0,10335,Pave,,IR1,Lvl,AllPub,Inside,Gtl,Sawyer,Norm,Norm,1Fam,1Story,5,6,1968,1993,Gable,CompShg,Plywood,Plywood,None,0.0,TA,TA,CBlock,TA,TA,No,Rec,570,Unf,0,891,1461,GasA,Gd,Y,SBrkr,1721,0,0,1721,0,0,2,1,3,1,TA,7,Min1,1,TA,Attchd,1968.0,RFn,2,440,TA,TA,Y,0,96,180,0,0,0,,MnPrv,,0,7,2006,WD,Normal,180000
135,136,20,RL,80.0,10400,Pave,,Reg,Lvl,AllPub,Inside,Gtl,NWAmes,Norm,Norm,1Fam,1Story,7,6,1970,1970,Hip,CompShg,Plywood,Plywood,BrkFace,288.0,TA,TA,PConc,TA,TA,No,Unf,0,Unf,0,1304,1304,GasA,Gd,Y,SBrkr,1682,0,0,1682,0,0,2,0,3,1,TA,7,Typ,1,Gd,Attchd,1970.0,Unf,2,530,TA,TA,Y,98,0,0,0,0,0,,MnPrv,,0,5,2008,WD,Normal,174000
136,137,20,RL,,10355,Pave,,IR1,Lvl,AllPub,Corner,Gtl,NAmes,Norm,Norm,1Fam,1Story,5,5,1967,1967,Gable,CompShg,MetalSd,MetalSd,BrkFace,196.0,TA,TA,CBlock,TA,TA,No,BLQ,695,Unf,0,519,1214,GasA,TA,Y,SBrkr,1214,0,0,1214,0,0,2,0,3,1,TA,5,Typ,1,Fa,Attchd,1967.0,RFn,1,318,TA,TA,Y,0,111,0,0,0,0,,,,0,7,2007,WD,Normal,143000
137,138,90,RL,82.0,11070,Pave,,Reg,Lvl,AllPub,Inside,Gtl,Mitchel,Norm,Norm,Duplex,1Story,7,5,1988,1989,Gable,CompShg,VinylSd,VinylSd,BrkFace,70.0,TA,TA,CBlock,TA,TA,No,Unf,0,Unf,0,1907,1907,GasA,Gd,Y,SBrkr,1959,0,0,1959,0,0,3,0,5,2,TA,9,Typ,0,,2Types,1989.0,Unf,3,766,TA,TA,Y,0,0,0,0,0,0,,,,0,7,2006,WD,Family,171000
138,139,60,RL,73.0,9066,Pave,,IR1,Lvl,AllPub,Inside,Gtl,CollgCr,Norm,Norm,1Fam,2Story,8,5,1999,2000,Gable,CompShg,VinylSd,VinylSd,BrkFace,320.0,Gd,TA,PConc,Gd,TA,Mn,GLQ,668,Unf,0,336,1004,GasA,Ex,Y,SBrkr,1004,848,0,1852,0,0,2,1,3,1,Gd,7,Typ,2,TA,Attchd,1999.0,Fin,3,660,TA,TA,Y,224,106,0,0,0,0,,GdPrv,,0,12,2008,WD,Normal,230000
139,140,60,RL,65.0,15426,Pave,,IR1,Lvl,AllPub,Inside,Gtl,CollgCr,Norm,Norm,1Fam,2Story,6,5,1997,1997,Gable,CompShg,VinylSd,VinylSd,None,0.0,TA,TA,PConc,Gd,TA,No,GLQ,821,Unf,0,107,928,GasA,Ex,Y,SBrkr,928,836,0,1764,1,0,2,1,3,1,Gd,7,Typ,0,,Attchd,1997.0,RFn,2,470,TA,TA,Y,276,99,0,0,0,0,,MnPrv,,0,8,2009,WD,Normal,231500
140,141,20,RL,70.0,10500,Pave,,Reg,Lvl,AllPub,FR2,Gtl,NAmes,Norm,Norm,1Fam,1Story,4,5,1971,1971,Gable,CompShg,HdBoard,HdBoard,None,0.0,TA,TA,CBlock,TA,TA,No,ALQ,432,Unf,0,432,864,GasA,TA,Y,SBrkr,864,0,0,864,0,0,1,0,3,1,TA,5,Typ,1,Po,,,,0,0,,,Y,0,0,0,0,0,0,,,,0,4,2010,ConLI,Normal,115000
141,142,20,RL,78.0,11645,Pave,,Reg,Lvl,AllPub,Inside,Gtl,CollgCr,Norm,Norm,1Fam,1Story,7,5,2005,2005,Gable,CompShg,VinylSd,VinylSd,None,0.0,Gd,TA,PConc,Gd,TA,Av,GLQ,1300,Unf,0,434,1734,GasA,Ex,Y,SBrkr,1734,0,0,1734,1,0,2,0,3,1,Gd,7,Typ,0,,Attchd,2005.0,Fin,2,660,TA,TA,Y,160,24,0,0,0,0,,,,0,1,2006,WD,Normal,260000
142,143,50,RL,71.0,8520,Pave,,Reg,Lvl,AllPub,Corner,Gtl,NAmes,Artery,Norm,1Fam,1.5Fin,5,4,1952,1952,Gable,CompShg,BrkFace,Wd Sdng,None,0.0,TA,Fa,CBlock,TA,TA,No,Rec,507,Unf,0,403,910,GasA,Fa,Y,SBrkr,910,475,0,1385,0,0,2,0,4,1,TA,6,Typ,0,,Detchd,2000.0,Unf,2,720,TA,TA,Y,0,0,0,0,0,0,,MnPrv,,0,6,2010,WD,Normal,166000
143,144,20,RL,78.0,10335,Pave,,IR1,Lvl,AllPub,Inside,Gtl,CollgCr,Norm,Norm,1Fam,1Story,7,5,1999,1999,Gable,CompShg,VinylSd,VinylSd,BrkFace,183.0,Gd,TA,PConc,Gd,TA,Gd,GLQ,679,Unf,0,811,1490,GasA,Ex,Y,SBrkr,1501,0,0,1501,1,0,2,0,3,1,Gd,6,Typ,0,,Attchd,1999.0,RFn,2,577,TA,TA,Y,144,29,0,0,0,0,,,,0,6,2009,WD,Normal,204000
144,145,90,RM,70.0,9100,Pave,,Reg,Lvl,AllPub,Inside,Gtl,Sawyer,RRAe,Norm,Duplex,1Story,5,5,1963,1963,Gable,CompShg,HdBoard,HdBoard,BrkFace,336.0,TA,TA,CBlock,TA,TA,No,Rec,1332,Unf,0,396,1728,GasA,TA,Y,SBrkr,1728,0,0,1728,1,0,2,0,6,2,TA,10,Typ,0,,Detchd,1963.0,Unf,2,504,TA,TA,Y,0,0,0,0,0,0,,,,0,11,2006,ConLI,Abnorml,125000
145,146,160,RM,24.0,2522,Pave,,Reg,Lvl,AllPub,Inside,Gtl,Edwards,Norm,Norm,Twnhs,2Story,6,5,2004,2006,Gable,CompShg,VinylSd,VinylSd,Stone,50.0,Gd,TA,PConc,Gd,TA,No,Unf,0,Unf,0,970,970,GasA,Ex,Y,SBrkr,970,739,0,1709,0,0,2,0,3,1,Gd,7,Maj1,0,,Detchd,2004.0,Unf,2,380,TA,TA,Y,0,40,0,0,0,0,,,,0,4,2006,WD,Normal,130000
146,147,30,RM,51.0,6120,Pave,,Reg,Lvl,AllPub,Corner,Gtl,BrkSide,Norm,Norm,1Fam,1Story,5,7,1931,1993,Gable,CompShg,Wd Sdng,Wd Sdng,None,0.0,TA,TA,BrkTil,TA,TA,No,BLQ,209,Unf,0,506,715,GasA,TA,Y,FuseA,875,0,0,875,1,0,1,0,2,1,TA,5,Typ,0,,Detchd,1931.0,Unf,1,180,Fa,TA,Y,48,0,0,0,0,0,,,,0,11,2009,WD,Normal,105000
147,148,60,RL,,9505,Pave,,IR1,Lvl,AllPub,CulDSac,Gtl,Gilbert,Norm,Norm,1Fam,2Story,7,5,2001,2001,Gable,CompShg,VinylSd,VinylSd,BrkFace,180.0,Gd,TA,PConc,Gd,TA,No,Unf,0,Unf,0,884,884,GasA,Ex,Y,SBrkr,884,1151,0,2035,0,0,2,1,3,1,Gd,8,Typ,1,Gd,BuiltIn,2001.0,Fin,2,434,TA,TA,Y,144,48,0,0,0,0,,,,0,5,2010,WD,Normal,222500
148,149,20,RL,63.0,7500,Pave,,Reg,Lvl,AllPub,Inside,Gtl,SawyerW,Norm,Norm,1Fam,1Story,7,5,2004,2005,Gable,CompShg,VinylSd,VinylSd,BrkFace,120.0,TA,TA,PConc,Gd,TA,No,GLQ,680,Unf,0,400,1080,GasA,Ex,Y,SBrkr,1080,0,0,1080,1,0,1,0,3,1,Gd,6,Typ,0,,,,,0,0,,,Y,0,0,0,0,0,0,,,,0,4,2008,WD,Normal,141000
149,150,50,RM,,6240,Pave,,Reg,Lvl,AllPub,Inside,Gtl,BrkSide,Norm,Norm,1Fam,1.5Fin,5,4,1936,1950,Gable,CompShg,MetalSd,MetalSd,None,0.0,TA,TA,BrkTil,Gd,TA,No,Unf,0,Unf,0,896,896,GasA,Gd,Y,FuseA,896,448,0,1344,0,0,1,0,3,1,TA,7,Typ,0,,Detchd,1936.0,Unf,1,240,Fa,TA,Y,200,114,0,0,0,0,,,,0,4,2006,WD,Normal,115000
150,151,20,RL,120.0,10356,Pave,,Reg,Lvl,AllPub,Corner,Gtl,CollgCr,Norm,Norm,1Fam,1Story,5,6,1975,1975,Gable,CompShg,HdBoard,HdBoard,None,0.0,TA,TA,CBlock,TA,TA,Av,BLQ,716,Unf,0,253,969,GasA,TA,Y,SBrkr,969,0,0,969,0,0,1,1,3,1,TA,5,Typ,0,,Attchd,1975.0,Unf,2,440,TA,TA,Y,0,0,0,0,0,0,,MnPrv,,0,1,2007,WD,Normal,122000
151,152,20,RL,107.0,13891,Pave,,Reg,Lvl,AllPub,Inside,Gtl,NridgHt,Norm,Norm,1Fam,1Story,8,5,2007,2008,Hip,CompShg,VinylSd,VinylSd,Stone,436.0,Gd,TA,PConc,Ex,TA,Gd,GLQ,1400,Unf,0,310,1710,GasA,Ex,Y,SBrkr,1710,0,0,1710,1,0,2,0,2,1,Gd,6,Typ,1,Gd,Attchd,2007.0,RFn,3,866,TA,TA,Y,0,102,0,0,0,0,,,,0,1,2008,New,Partial,372402
152,153,60,RL,,14803,Pave,,IR1,Lvl,AllPub,CulDSac,Gtl,NWAmes,Norm,Norm,1Fam,2Story,6,5,1971,1971,Gable,CompShg,HdBoard,HdBoard,BrkFace,252.0,TA,TA,CBlock,TA,TA,No,Rec,416,Unf,0,409,825,GasA,Gd,Y,SBrkr,1097,896,0,1993,0,0,2,1,4,1,TA,8,Typ,1,Gd,Attchd,1971.0,RFn,2,495,TA,TA,Y,0,66,0,0,0,0,,GdWo,,0,6,2006,WD,Normal,190000
153,154,20,RL,,13500,Pave,,Reg,Lvl,AllPub,Inside,Gtl,ClearCr,Norm,Norm,1Fam,1Story,6,7,1960,1975,Flat,CompShg,BrkFace,Plywood,None,0.0,TA,TA,CBlock,Gd,TA,Gd,BLQ,429,ALQ,1080,93,1602,GasA,Gd,Y,SBrkr,1252,0,0,1252,1,0,1,0,1,1,TA,4,Typ,1,Gd,Attchd,1960.0,RFn,2,564,TA,TA,Y,409,0,0,0,0,0,,,,0,3,2008,WD,Normal,235000
154,155,30,RM,84.0,11340,Pave,,Reg,Lvl,AllPub,Corner,Gtl,OldTown,Norm,Norm,1Fam,1Story,6,5,1923,1950,Gable,CompShg,Wd Sdng,Wd Sdng,None,0.0,TA,TA,BrkTil,TA,TA,No,Unf,0,Unf,0,1200,1200,GasA,TA,Y,FuseA,1200,0,0,1200,0,0,1,0,4,1,TA,7,Typ,0,,Detchd,1923.0,Unf,1,312,Fa,Fa,Y,0,0,228,0,0,0,,,,0,3,2006,WD,Family,125000
155,156,50,RL,60.0,9600,Pave,,Reg,Lvl,AllPub,Corner,Gtl,Edwards,Artery,Norm,1Fam,1.5Fin,6,5,1924,1950,Gable,CompShg,Wd Sdng,Wd Sdng,None,0.0,TA,TA,BrkTil,TA,TA,No,Unf,0,Unf,0,572,572,Grav,Fa,N,FuseF,572,524,0,1096,0,0,1,0,2,1,TA,5,Typ,0,,,,,0,0,,,N,0,8,128,0,0,0,,,,0,4,2008,WD,Normal,79000
156,157,20,RL,60.0,7200,Pave,,Reg,Lvl,AllPub,Inside,Gtl,NAmes,Norm,Norm,1Fam,1Story,5,7,1950,1950,Hip,CompShg,Wd Sdng,Wd Sdng,None,0.0,TA,TA,CBlock,,,,,0,,0,0,0,GasA,TA,Y,FuseF,1040,0,0,1040,0,0,1,0,2,1,TA,5,Typ,0,,Detchd,1950.0,Unf,2,625,TA,TA,Y,0,0,0,0,0,0,,,,0,6,2006,WD,Normal,109500
157,158,60,RL,92.0,12003,Pave,,Reg,Lvl,AllPub,Corner,Gtl,Timber,Norm,Norm,1Fam,2Story,8,5,2009,2010,Gable,CompShg,VinylSd,VinylSd,BrkFace,84.0,Gd,TA,PConc,Ex,TA,No,Unf,0,Unf,0,774,774,GasA,Ex,Y,SBrkr,774,1194,0,1968,0,0,2,1,4,1,Ex,8,Typ,1,Gd,BuiltIn,2009.0,Fin,3,680,TA,TA,Y,0,75,0,0,0,0,,,,0,5,2010,New,Partial,269500
158,159,60,FV,100.0,12552,Pave,,Reg,Lvl,AllPub,Corner,Gtl,Somerst,Norm,Norm,1Fam,2Story,7,5,2004,2005,Gable,CompShg,VinylSd,VinylSd,None,0.0,Gd,TA,PConc,Gd,TA,No,GLQ,222,Unf,0,769,991,GasA,Ex,Y,SBrkr,991,956,0,1947,0,0,2,1,3,1,Gd,8,Typ,1,Gd,Attchd,2004.0,RFn,2,678,TA,TA,Y,0,136,0,0,0,0,,GdWo,,0,5,2010,WD,Normal,254900
159,160,60,RL,134.0,19378,Pave,,IR1,HLS,AllPub,Corner,Gtl,Gilbert,Norm,Norm,1Fam,2Story,7,5,2005,2006,Gable,CompShg,VinylSd,VinylSd,BrkFace,456.0,Gd,TA,PConc,Gd,TA,Mn,GLQ,57,Unf,0,1335,1392,GasA,Ex,Y,SBrkr,1392,1070,0,2462,1,0,2,1,4,1,Gd,9,Typ,1,Gd,Attchd,2006.0,RFn,2,576,TA,TA,Y,239,132,0,168,0,0,,,,0,3,2006,New,Partial,320000
160,161,20,RL,,11120,Pave,,IR1,Lvl,AllPub,CulDSac,Gtl,Veenker,Norm,Norm,1Fam,1Story,6,6,1984,1984,Gable,CompShg,Plywood,Plywood,None,0.0,TA,TA,PConc,Gd,TA,No,BLQ,660,Unf,0,572,1232,GasA,TA,Y,SBrkr,1232,0,0,1232,0,0,2,0,3,1,TA,6,Typ,0,,Attchd,1984.0,Unf,2,516,TA,TA,Y,0,0,0,0,0,0,,,,0,6,2008,WD,Normal,162500
161,162,60,RL,110.0,13688,Pave,,IR1,Lvl,AllPub,Inside,Gtl,NridgHt,Norm,Norm,1Fam,2Story,9,5,2003,2004,Gable,CompShg,VinylSd,VinylSd,BrkFace,664.0,Gd,TA,PConc,Ex,TA,Av,GLQ,1016,Unf,0,556,1572,GasA,Ex,Y,SBrkr,1572,1096,0,2668,1,0,2,1,3,1,Ex,10,Typ,2,Gd,BuiltIn,2003.0,Fin,3,726,TA,TA,Y,400,0,0,0,0,0,,,,0,3,2008,WD,Normal,412500
162,163,20,RL,95.0,12182,Pave,,Reg,Lvl,AllPub,Corner,Gtl,NridgHt,Norm,Norm,1Fam,1Story,7,5,2005,2005,Gable,CompShg,VinylSd,VinylSd,BrkFace,226.0,Gd,TA,PConc,Gd,TA,Mn,BLQ,1201,Unf,0,340,1541,GasA,Ex,Y,SBrkr,1541,0,0,1541,0,0,2,0,3,1,Gd,7,Typ,1,Gd,Attchd,2005.0,RFn,2,532,TA,TA,Y,0,70,0,0,0,0,,,,0,5,2010,New,Partial,220000
163,164,45,RL,55.0,5500,Pave,,Reg,Lvl,AllPub,Inside,Gtl,OldTown,Norm,Norm,1Fam,1.5Unf,4,6,1956,1956,Gable,CompShg,MetalSd,MetalSd,None,0.0,TA,TA,CBlock,TA,TA,No,Unf,0,Unf,0,882,882,GasA,Ex,Y,SBrkr,882,0,0,882,0,0,1,0,1,1,TA,4,Typ,0,,,,,0,0,,,Y,0,0,0,0,0,0,,MnPrv,,0,4,2007,WD,Normal,103200
164,165,40,RM,40.0,5400,Pave,Pave,Reg,Lvl,AllPub,Corner,Gtl,OldTown,Norm,Norm,1Fam,1Story,6,7,1926,2004,Gable,CompShg,MetalSd,MetalSd,None,0.0,TA,Gd,BrkTil,TA,TA,Mn,LwQ,370,Unf,0,779,1149,GasA,Gd,Y,FuseA,1149,467,0,1616,0,0,2,0,3,1,Gd,5,Typ,0,,Detchd,1926.0,Unf,1,216,TA,TA,Y,0,0,183,0,0,0,,,,0,10,2007,WD,Normal,152000
165,166,190,RL,62.0,10106,Pave,,Reg,Lvl,AllPub,Inside,Gtl,Edwards,Norm,Norm,2fmCon,1.5Fin,5,7,1940,1999,Gable,CompShg,Wd Sdng,Wd Sdng,None,0.0,TA,Gd,BrkTil,TA,TA,No,ALQ,351,Rec,181,112,644,GasA,Gd,Y,SBrkr,808,547,0,1355,1,0,2,0,4,2,TA,6,Typ,0,,,,,0,0,,,Y,140,0,0,0,0,0,,,,0,9,2008,WD,Normal,127500
166,167,20,RL,,10708,Pave,,IR1,Lvl,AllPub,Inside,Gtl,ClearCr,Norm,Norm,1Fam,1Story,5,5,1955,1993,Hip,CompShg,Wd Sdng,Wd Sdng,None,0.0,Gd,TA,CBlock,TA,TA,No,LwQ,379,BLQ,768,470,1617,GasA,Ex,Y,FuseA,1867,0,0,1867,1,0,1,0,2,1,TA,7,Typ,3,Gd,Attchd,1955.0,Fin,1,303,TA,TA,Y,476,0,0,0,142,0,,GdWo,,0,11,2009,COD,Normal,190000
167,168,60,RL,86.0,10562,Pave,,Reg,Lvl,AllPub,Inside,Gtl,NridgHt,Norm,Norm,1Fam,2Story,8,5,2007,2007,Gable,CompShg,VinylSd,VinylSd,Stone,300.0,Gd,TA,PConc,Ex,TA,No,GLQ,1288,Unf,0,294,1582,GasA,Ex,Y,SBrkr,1610,551,0,2161,1,0,1,1,3,1,Ex,8,Typ,1,Gd,Attchd,2007.0,Fin,3,789,TA,TA,Y,178,120,0,0,0,0,,,,0,11,2007,New,Partial,325624
168,169,60,RL,62.0,8244,Pave,,IR1,Lvl,AllPub,Inside,Gtl,Gilbert,Norm,Norm,1Fam,2Story,7,5,2004,2004,Gable,CompShg,VinylSd,VinylSd,None,0.0,Gd,TA,PConc,Gd,TA,No,Unf,0,Unf,0,840,840,GasA,Ex,Y,SBrkr,840,880,0,1720,0,0,2,1,3,1,Gd,7,Typ,1,Gd,Attchd,2004.0,Fin,2,440,TA,TA,Y,100,48,0,0,0,0,,,,0,5,2007,WD,Normal,183500
169,170,20,RL,,16669,Pave,,IR1,Lvl,AllPub,Corner,Gtl,Timber,Norm,Norm,1Fam,1Story,8,6,1981,1981,Hip,WdShake,Plywood,Plywood,BrkFace,653.0,Gd,TA,CBlock,Gd,TA,No,Unf,0,Unf,0,1686,1686,GasA,TA,Y,SBrkr,1707,0,0,1707,0,0,2,1,2,1,TA,6,Typ,1,TA,Attchd,1981.0,RFn,2,511,TA,TA,Y,574,64,0,0,0,0,,,,0,1,2006,WD,Normal,228000
170,171,50,RM,,12358,Pave,,IR1,Lvl,AllPub,Inside,Gtl,OldTown,Feedr,Norm,1Fam,1.5Fin,5,6,1941,1950,Gable,CompShg,MetalSd,MetalSd,None,0.0,TA,TA,CBlock,TA,TA,No,Rec,360,Unf,0,360,720,GasA,TA,Y,SBrkr,854,0,528,1382,0,0,1,1,2,1,TA,7,Typ,0,,Detchd,1991.0,Unf,2,660,TA,TA,Y,237,0,0,0,0,0,,,,0,5,2007,WD,Normal,128500
171,172,20,RL,141.0,31770,Pave,,IR1,Lvl,AllPub,Corner,Gtl,NAmes,Norm,Norm,1Fam,1Story,6,5,1960,1960,Hip,CompShg,BrkFace,Plywood,Stone,112.0,TA,TA,CBlock,TA,Gd,Gd,BLQ,639,Unf,0,441,1080,GasA,Fa,Y,SBrkr,1656,0,0,1656,1,0,1,0,3,1,TA,7,Typ,2,Gd,Attchd,1960.0,Fin,2,528,TA,TA,P,210,62,0,0,0,0,,,,0,5,2010,WD,Normal,215000
172,173,160,RL,44.0,5306,Pave,,IR1,Lvl,AllPub,Inside,Gtl,StoneBr,Norm,Norm,TwnhsE,2Story,7,7,1987,1987,Gable,CompShg,HdBoard,HdBoard,None,0.0,Gd,Gd,PConc,Gd,Gd,No,GLQ,495,Rec,215,354,1064,GasA,Gd,Y,SBrkr,1064,703,0,1767,1,0,2,0,2,1,Gd,5,Typ,1,TA,Attchd,1987.0,RFn,2,504,Gd,TA,Y,441,35,0,0,0,0,,,,0,6,2006,WD,Normal,239000
173,174,20,RL,80.0,10197,Pave,,IR1,Lvl,AllPub,Inside,Gtl,NAmes,Norm,Norm,1Fam,1Story,6,5,1961,1961,Gable,CompShg,WdShing,Wd Shng,BrkCmn,491.0,TA,TA,CBlock,TA,TA,No,ALQ,288,Rec,374,700,1362,GasA,TA,Y,SBrkr,1362,0,0,1362,1,0,1,1,3,1,TA,6,Typ,1,TA,Attchd,1961.0,Unf,2,504,TA,TA,Y,0,20,0,0,0,0,,,,0,6,2008,COD,Normal,163000
174,175,20,RL,47.0,12416,Pave,,IR1,Lvl,AllPub,Inside,Gtl,Timber,Norm,Norm,1Fam,1Story,6,5,1986,1986,Gable,CompShg,VinylSd,Plywood,Stone,132.0,TA,TA,CBlock,Gd,Fa,No,ALQ,1398,LwQ,208,0,1606,GasA,TA,Y,SBrkr,1651,0,0,1651,1,0,2,0,3,1,TA,7,Min2,1,TA,Attchd,1986.0,Fin,2,616,TA,TA,Y,192,0,0,0,0,0,,,,0,11,2008,WD,Normal,184000
175,176,20,RL,84.0,12615,Pave,,Reg,Lvl,AllPub,Corner,Gtl,Edwards,Norm,Norm,1Fam,1Story,6,7,1950,2001,Gable,CompShg,WdShing,Wd Shng,None,0.0,TA,TA,CBlock,TA,Gd,Av,ALQ,477,Unf,0,725,1202,GasA,TA,Y,SBrkr,2158,0,0,2158,1,0,2,0,4,1,Gd,7,Typ,1,Gd,Attchd,1950.0,Unf,2,576,TA,TA,Y,0,29,39,0,0,0,,MnPrv,,0,6,2007,WD,Normal,243000
176,177,60,RL,97.0,10029,Pave,,IR1,Lvl,AllPub,Corner,Gtl,ClearCr,Norm,Norm,1Fam,2Story,6,5,1988,1989,Gable,CompShg,Plywood,Plywood,BrkFace,268.0,Gd,TA,PConc,Gd,TA,No,GLQ,831,Unf,0,320,1151,GasA,TA,Y,SBrkr,1164,896,0,2060,0,1,2,1,4,1,TA,8,Typ,1,TA,Attchd,1988.0,Unf,2,521,TA,TA,Y,0,228,0,0,192,0,,,,0,9,2007,WD,Normal,211000
177,178,50,RL,,13650,Pave,,Reg,Lvl,AllPub,Inside,Gtl,Sawyer,Norm,Norm,1Fam,1.5Fin,5,5,1958,1958,Gable,CompShg,MetalSd,MetalSd,None,0.0,Gd,Gd,CBlock,TA,TA,No,ALQ,57,BLQ,441,554,1052,GasA,Ex,Y,SBrkr,1252,668,0,1920,1,0,2,0,4,1,Gd,8,Typ,1,Gd,Attchd,1958.0,Unf,2,451,TA,TA,Y,0,0,0,0,0,0,,,,0,7,2006,WD,Normal,172500
178,179,20,RL,63.0,17423,Pave,,IR1,Lvl,AllPub,CulDSac,Gtl,StoneBr,Norm,Norm,1Fam,1Story,9,5,2008,2009,Hip,CompShg,VinylSd,VinylSd,Stone,748.0,Ex,TA,PConc,Ex,TA,No,GLQ,1904,Unf,0,312,2216,GasA,Ex,Y,SBrkr,2234,0,0,2234,1,0,2,0,1,1,Ex,9,Typ,1,Gd,Attchd,2009.0,Fin,3,1166,TA,TA,Y,0,60,0,0,0,0,,,,0,7,2009,New,Partial,501837
179,180,30,RM,60.0,8520,Pave,,Reg,Lvl,AllPub,Inside,Gtl,OldTown,Norm,Norm,1Fam,1Story,5,6,1923,2006,Gable,CompShg,Wd Sdng,Wd Sdng,None,0.0,Gd,TA,CBlock,TA,TA,No,Unf,0,Unf,0,968,968,GasA,TA,Y,SBrkr,968,0,0,968,0,0,1,0,2,1,TA,5,Typ,0,,Detchd,1935.0,Unf,2,480,Fa,TA,N,0,0,184,0,0,0,,,,0,7,2007,WD,Normal,100000
180,181,160,FV,,2117,Pave,,Reg,Lvl,AllPub,Inside,Gtl,Somerst,Norm,Norm,Twnhs,2Story,6,5,2000,2000,Gable,CompShg,MetalSd,MetalSd,BrkFace,456.0,Gd,TA,PConc,Gd,TA,No,GLQ,436,Unf,0,320,756,GasA,Ex,Y,SBrkr,769,756,0,1525,0,0,2,1,3,1,Gd,5,Typ,1,TA,Detchd,2000.0,Unf,2,440,TA,TA,Y,0,0,0,0,0,0,,,,0,6,2007,WD,Normal,177000
181,182,70,RL,54.0,7588,Pave,,Reg,Lvl,AllPub,Inside,Gtl,Crawfor,Norm,Norm,1Fam,2Story,7,6,1920,1950,Gable,CompShg,Stucco,Stucco,None,0.0,TA,TA,BrkTil,Fa,TA,No,LwQ,352,Unf,0,441,793,GasA,Gd,Y,SBrkr,901,901,0,1802,0,0,1,1,4,1,TA,9,Typ,1,Gd,Detchd,1920.0,Unf,1,216,Fa,TA,Y,0,0,40,0,0,0,,,,0,7,2006,WD,Normal,200100
182,183,20,RL,60.0,9060,Pave,,Reg,Lvl,AllPub,Inside,Gtl,Edwards,Artery,Norm,1Fam,1Story,5,6,1957,2006,Hip,CompShg,Wd Sdng,Wd Sdng,BrkFace,98.0,TA,TA,PConc,,,,,0,,0,0,0,GasA,Ex,Y,SBrkr,1340,0,0,1340,0,0,1,0,3,1,TA,7,Typ,1,Gd,Attchd,1957.0,RFn,1,252,TA,TA,Y,116,0,0,180,0,0,,MnPrv,,0,6,2007,WD,Normal,120000
183,184,50,RM,63.0,11426,Pave,,Reg,Lvl,AllPub,Inside,Gtl,OldTown,Norm,Norm,1Fam,1.5Fin,7,5,2003,2003,Gable,CompShg,VinylSd,VinylSd,None,0.0,TA,TA,PConc,Gd,TA,No,Unf,0,Unf,0,1362,1362,GasA,Ex,Y,SBrkr,1362,720,0,2082,0,0,2,1,3,1,Gd,6,Mod,0,,Detchd,2003.0,Unf,2,484,TA,TA,N,280,238,0,0,0,0,,,,0,6,2008,WD,Normal,200000
184,185,50,RL,92.0,7438,Pave,,IR1,Lvl,AllPub,Inside,Gtl,BrkSide,RRAn,Feedr,1Fam,1.5Fin,5,8,1908,1991,Gable,CompShg,AsbShng,Plywood,None,0.0,TA,TA,PConc,Fa,TA,No,Unf,0,Unf,0,504,504,GasA,Gd,Y,SBrkr,936,316,0,1252,0,0,1,0,3,1,TA,5,Typ,0,,Attchd,1986.0,Unf,2,576,TA,TA,Y,104,0,0,0,0,0,,MnPrv,,0,6,2006,WD,Normal,127000
185,186,75,RM,90.0,22950,Pave,,IR2,Lvl,AllPub,Inside,Gtl,OldTown,Artery,Norm,1Fam,2.5Fin,10,9,1892,1993,Gable,WdShngl,Wd Sdng,Wd Sdng,None,0.0,Gd,Gd,BrkTil,TA,TA,Mn,Unf,0,Unf,0,1107,1107,GasA,Ex,Y,SBrkr,1518,1518,572,3608,0,0,2,1,4,1,Ex,12,Typ,2,TA,Detchd,1993.0,Unf,3,840,Ex,TA,Y,0,260,0,0,410,0,,GdPrv,,0,6,2006,WD,Normal,475000
186,187,80,RL,,9947,Pave,,IR1,Lvl,AllPub,CulDSac,Gtl,Mitchel,Norm,Norm,1Fam,SLvl,7,5,1990,1991,Gable,CompShg,HdBoard,HdBoard,None,0.0,TA,TA,PConc,Gd,TA,Av,GLQ,611,Unf,0,577,1188,GasA,Ex,Y,SBrkr,1217,0,0,1217,1,0,2,0,3,1,Gd,6,Typ,0,,Attchd,1990.0,Unf,2,497,TA,TA,Y,168,27,0,0,0,0,,GdPrv,,0,6,2009,WD,Normal,173000
187,188,50,RL,60.0,10410,Pave,,Reg,Lvl,AllPub,Inside,Gtl,OldTown,Norm,Norm,1Fam,1.5Fin,5,7,1916,1987,Gable,CompShg,HdBoard,HdBoard,None,0.0,TA,TA,CBlock,Fa,TA,No,Unf,0,Unf,0,660,660,GasA,Ex,Y,SBrkr,808,704,144,1656,0,0,2,1,3,1,TA,8,Min2,0,,Detchd,1916.0,Unf,1,180,Fa,Fa,N,0,0,0,140,0,0,,MnPrv,,0,8,2009,WD,Normal,135000
188,189,90,RL,64.0,7018,Pave,,Reg,Bnk,AllPub,Inside,Gtl,SawyerW,Feedr,Norm,Duplex,SFoyer,5,5,1979,1979,Gable,CompShg,Plywood,Plywood,Stone,275.0,TA,TA,CBlock,Gd,TA,Av,GLQ,1086,Unf,0,0,1086,GasA,TA,Y,SBrkr,1224,0,0,1224,2,0,0,2,2,2,TA,6,Typ,2,TA,Detchd,1979.0,Unf,2,528,TA,TA,Y,120,0,0,0,0,0,,,,0,6,2009,WD,Alloca,153337
189,190,120,RL,41.0,4923,Pave,,Reg,Lvl,AllPub,Inside,Gtl,StoneBr,Norm,Norm,TwnhsE,1Story,8,5,2001,2002,Gable,CompShg,CemntBd,CmentBd,None,0.0,Gd,TA,PConc,Ex,TA,Av,GLQ,1153,Unf,0,440,1593,GasA,Ex,Y,SBrkr,1593,0,0,1593,1,0,1,1,0,1,Ex,5,Typ,1,Gd,Attchd,2001.0,Fin,2,682,TA,TA,Y,0,120,0,0,224,0,,,,0,8,2008,WD,Normal,286000
190,191,70,RL,70.0,10570,Pave,,Reg,Bnk,AllPub,Inside,Mod,Crawfor,Norm,Norm,1Fam,2Story,8,8,1932,1994,Hip,CompShg,BrkFace,BrkFace,None,0.0,Gd,TA,CBlock,Gd,Gd,No,Rec,297,Unf,0,556,853,GasA,TA,Y,SBrkr,1549,1178,0,2727,0,0,2,1,3,1,Gd,10,Maj1,2,TA,Detchd,1932.0,Unf,2,440,TA,TA,Y,0,74,0,0,0,0,,,,0,12,2007,WD,Normal,315000
191,192,60,RL,,7472,Pave,,IR1,Lvl,AllPub,CulDSac,Gtl,NAmes,Norm,Norm,1Fam,2Story,7,9,1972,2004,Gable,CompShg,HdBoard,HdBoard,BrkFace,138.0,TA,TA,CBlock,TA,TA,No,ALQ,626,Unf,0,99,725,GasA,Gd,Y,SBrkr,725,754,0,1479,1,0,1,1,4,1,Gd,7,Typ,0,,Attchd,1972.0,Fin,2,484,TA,TA,Y,0,32,0,0,0,0,,,,0,6,2007,WD,Normal,184000
192,193,20,RL,68.0,9017,Pave,,IR1,Lvl,AllPub,Inside,Gtl,CollgCr,Norm,Norm,1Fam,1Story,7,5,1999,1999,Gable,CompShg,VinylSd,VinylSd,None,0.0,Gd,TA,PConc,Gd,TA,Av,GLQ,560,Unf,0,871,1431,GasA,Ex,Y,SBrkr,1431,0,0,1431,1,0,2,0,3,1,Gd,6,Typ,0,,Attchd,1999.0,Fin,2,666,TA,TA,Y,0,35,0,0,0,0,,,,0,9,2009,WD,Normal,192000
193,194,160,RM,24.0,2522,Pave,,Reg,Lvl,AllPub,Inside,Gtl,Edwards,Norm,Norm,Twnhs,2Story,7,5,2004,2004,Gable,CompShg,VinylSd,VinylSd,Stone,50.0,Gd,TA,PConc,Gd,TA,No,Unf,0,Unf,0,970,970,GasA,Ex,Y,SBrkr,970,739,0,1709,0,0,2,0,3,1,Gd,7,Maj1,0,,Detchd,2004.0,Unf,2,380,TA,TA,Y,0,40,0,0,0,0,,,,0,5,2006,WD,Normal,130000
194,195,20,RL,60.0,7180,Pave,,IR1,Lvl,AllPub,Inside,Gtl,CollgCr,Norm,Norm,1Fam,1Story,5,7,1972,1972,Hip,CompShg,HdBoard,HdBoard,None,0.0,TA,TA,CBlock,TA,TA,Av,ALQ,390,Unf,0,474,864,GasA,TA,Y,SBrkr,864,0,0,864,0,0,1,0,3,1,TA,5,Typ,0,,Detchd,1989.0,Unf,1,352,TA,TA,Y,0,0,0,0,0,0,,,,0,5,2008,WD,Normal,127000
195,196,160,RL,24.0,2280,Pave,,Reg,Lvl,AllPub,FR2,Gtl,NPkVill,Norm,Norm,Twnhs,2Story,6,6,1976,1976,Gable,CompShg,Plywood,Brk Cmn,None,0.0,TA,TA,CBlock,Gd,TA,No,ALQ,566,Unf,0,289,855,GasA,TA,Y,SBrkr,855,601,0,1456,0,0,2,1,3,1,TA,7,Typ,1,TA,Attchd,1976.0,Unf,2,440,TA,TA,Y,87,0,0,0,0,0,,,,0,7,2009,WD,Normal,148500
196,197,20,RL,79.0,9416,Pave,,Reg,Lvl,AllPub,Inside,Gtl,Somerst,Norm,Norm,1Fam,1Story,7,5,2007,2007,Hip,CompShg,CemntBd,CmentBd,Stone,205.0,Ex,TA,PConc,Ex,TA,No,GLQ,1126,Unf,0,600,1726,GasA,Ex,Y,SBrkr,1726,0,0,1726,1,0,2,0,3,1,Ex,8,Typ,1,Gd,Attchd,2007.0,Fin,3,786,TA,TA,Y,171,138,0,0,266,0,,,,0,9,2007,New,Partial,311872
197,198,75,RL,174.0,25419,Pave,,Reg,Lvl,AllPub,Corner,Gtl,NAmes,Artery,Norm,1Fam,2Story,8,4,1918,1990,Gable,CompShg,Stucco,Stucco,None,0.0,Gd,Gd,PConc,TA,TA,No,GLQ,1036,LwQ,184,140,1360,GasA,Gd,Y,SBrkr,1360,1360,392,3112,1,1,2,0,4,1,Gd,8,Typ,1,Ex,Detchd,1918.0,Unf,2,795,TA,TA,Y,0,16,552,0,0,512,Ex,GdPrv,,0,3,2006,WD,Abnorml,235000
198,199,75,RM,92.0,5520,Pave,,Reg,Lvl,AllPub,Corner,Gtl,OldTown,Norm,Norm,1Fam,2.5Fin,6,6,1912,1950,Gable,CompShg,Wd Sdng,Wd Sdng,None,0.0,TA,TA,CBlock,TA,TA,No,Unf,0,Unf,0,755,755,GasA,Ex,Y,SBrkr,929,929,371,2229,0,0,1,0,5,1,TA,8,Typ,0,,,,,0,0,,,Y,0,198,30,0,0,0,,MnPrv,,0,7,2009,WD,Abnorml,104000
199,200,20,RL,76.0,9591,Pave,,Reg,Lvl,AllPub,Inside,Gtl,NridgHt,Norm,Norm,1Fam,1Story,8,5,2004,2005,Hip,CompShg,VinylSd,VinylSd,BrkFace,262.0,Gd,TA,PConc,Ex,TA,Av,GLQ,1088,Unf,0,625,1713,GasA,Ex,Y,SBrkr,1713,0,0,1713,1,0,2,0,3,1,Ex,7,Typ,1,Gd,Attchd,2004.0,Fin,3,856,TA,TA,Y,0,26,0,0,170,0,,,,0,1,2009,WD,Normal,274900
